Zeit [s],Konzentration [mug/l]
500,0
550,0
660,2.0431658
690,5.4684048
720,7.7901089
750,7.7069355
780,5.0450321
810,4.9384551
840,3.4956665
870,2.569077
900,1.7374218
930,1.2304226
960,0.8441844
990,0.6184421
1020,0.4261701
1050,0.308502
1080,0.1994625
1110,0.143416
1140,0.1015929
1170,0.0754116
1200,0.03035768
1230,0.0235415
1260,0.0094363
1290,0.0198773
